filename,secure_url,public_id
10000.jpg,https://res.cloudinary.com/dtadw36tk/image/upload/v1777571373/vay/10000.jpg,vay/10000
10001.jpg,https://res.cloudinary.com/dtadw36tk/image/upload/v1777571373/vay/10001.jpg,vay/10001
10002.jpg,https://res.cloudinary.com/dtadw36tk/image/upload/v1777571373/vay/10002.jpg,vay/10002
10016.jpg,https://res.cloudinary.com/dtadw36tk/image/upload/v1777571373/vay/10016.jpg,vay/10016
10351.jpg,https://res.cloudinary.com/dtadw36tk/image/upload/v1777571373/vay/10351.jpg,vay/10351
10360.jpg,https://res.cloudinary.com/dtadw36tk/image/upload/v1777571373/vay/10360.jpg,vay/10360
10365.jpg,https://res.cloudinary.com/dtadw36tk/image/upload/v1777571373/vay/10365.jpg,vay/10365
10366.jpg,https://res.cloudinary.com/dtadw36tk/image/upload/v1777571373/vay/10366.jpg,vay/10366
10406.jpg,https://res.cloudinary.com/dtadw36tk/image/upload/v1777571374/vay/10406.jpg,vay/10406
10500.jpg,https://res.cloudinary.com/dtadw36tk/image/upload/v1777571374/vay/10500.jpg,vay/10500
10652.jpg,https://res.cloudinary.com/dtadw36tk/image/upload/v1777571374/vay/10652.jpg,vay/10652
10654.jpg,https://res.cloudinary.com/dtadw36tk/image/upload/v1777571374/vay/10654.jpg,vay/10654
10655.jpg,https://res.cloudinary.com/dtadw36tk/image/upload/v1777571374/vay/10655.jpg,vay/10655
11260.jpg,https://res.cloudinary.com/dtadw36tk/image/upload/v1777571376/vay/11260.jpg,vay/11260
11261.jpg,https://res.cloudinary.com/dtadw36tk/image/upload/v1777571376/vay/11261.jpg,vay/11261
12830.jpg,https://res.cloudinary.com/dtadw36tk/image/upload/v1777571374/vay/12830.jpg,vay/12830
12835.jpg,https://res.cloudinary.com/dtadw36tk/image/upload/v1777571375/vay/12835.jpg,vay/12835
12837.jpg,https://res.cloudinary.com/dtadw36tk/image/upload/v1777571375/vay/12837.jpg,vay/12837
12839.jpg,https://res.cloudinary.com/dtadw36tk/image/upload/v1777571375/vay/12839.jpg,vay/12839
12848.jpg,https://res.cloudinary.com/dtadw36tk/image/upload/v1777571375/vay/12848.jpg,vay/12848
12849.jpg,https://res.cloudinary.com/dtadw36tk/image/upload/v1777571375/vay/12849.jpg,vay/12849
13263.jpg,https://res.cloudinary.com/dtadw36tk/image/upload/v1777571375/vay/13263.jpg,vay/13263
13264.jpg,https://res.cloudinary.com/dtadw36tk/image/upload/v1777571376/vay/13264.jpg,vay/13264
13290.jpg,https://res.cloudinary.com/dtadw36tk/image/upload/v1777571376/vay/13290.jpg,vay/13290
13304.jpg,https://res.cloudinary.com/dtadw36tk/image/upload/v1777571376/vay/13304.jpg,vay/13304
13305.jpg,https://res.cloudinary.com/dtadw36tk/image/upload/v1777571376/vay/13305.jpg,vay/13305
13310.jpg,https://res.cloudinary.com/dtadw36tk/image/upload/v1777571376/vay/13310.jpg,vay/13310
13339.jpg,https://res.cloudinary.com/dtadw36tk/image/upload/v1777571376/vay/13339.jpg,vay/13339
13340.jpg,https://res.cloudinary.com/dtadw36tk/image/upload/v1777571377/vay/13340.jpg,vay/13340
13470.jpg,https://res.cloudinary.com/dtadw36tk/image/upload/v1777571376/vay/13470.jpg,vay/13470
13472.jpg,https://res.cloudinary.com/dtadw36tk/image/upload/v1777571378/vay/13472.jpg,vay/13472
13514.jpg,https://res.cloudinary.com/dtadw36tk/image/upload/v1777571377/vay/13514.jpg,vay/13514
13515.jpg,https://res.cloudinary.com/dtadw36tk/image/upload/v1777571378/vay/13515.jpg,vay/13515
13516.jpg,https://res.cloudinary.com/dtadw36tk/image/upload/v1777571377/vay/13516.jpg,vay/13516
14197.jpg,https://res.cloudinary.com/dtadw36tk/image/upload/v1777571377/vay/14197.jpg,vay/14197
14630.jpg,https://res.cloudinary.com/dtadw36tk/image/upload/v1777571377/vay/14630.jpg,vay/14630
16567.jpg,https://res.cloudinary.com/dtadw36tk/image/upload/v1777571377/vay/16567.jpg,vay/16567
16804.jpg,https://res.cloudinary.com/dtadw36tk/image/upload/v1777571377/vay/16804.jpg,vay/16804
16805.jpg,https://res.cloudinary.com/dtadw36tk/image/upload/v1777571377/vay/16805.jpg,vay/16805
18166.jpg,https://res.cloudinary.com/dtadw36tk/image/upload/v1777571377/vay/18166.jpg,vay/18166
18167.jpg,https://res.cloudinary.com/dtadw36tk/image/upload/v1777571378/vay/18167.jpg,vay/18167
18168.jpg,https://res.cloudinary.com/dtadw36tk/image/upload/v1777571378/vay/18168.jpg,vay/18168
18169.jpg,https://res.cloudinary.com/dtadw36tk/image/upload/v1777571378/vay/18169.jpg,vay/18169
18174.jpg,https://res.cloudinary.com/dtadw36tk/image/upload/v1777571378/vay/18174.jpg,vay/18174
18175.jpg,https://res.cloudinary.com/dtadw36tk/image/upload/v1777571378/vay/18175.jpg,vay/18175
18710.jpg,https://res.cloudinary.com/dtadw36tk/image/upload/v1777571380/vay/18710.jpg,vay/18710
18711.jpg,https://res.cloudinary.com/dtadw36tk/image/upload/v1777571378/vay/18711.jpg,vay/18711
18712.jpg,https://res.cloudinary.com/dtadw36tk/image/upload/v1777571378/vay/18712.jpg,vay/18712
18713.jpg,https://res.cloudinary.com/dtadw36tk/image/upload/v1777571379/vay/18713.jpg,vay/18713
18735.jpg,https://res.cloudinary.com/dtadw36tk/image/upload/v1777571379/vay/18735.jpg,vay/18735
18736.jpg,https://res.cloudinary.com/dtadw36tk/image/upload/v1777571379/vay/18736.jpg,vay/18736
18754.jpg,https://res.cloudinary.com/dtadw36tk/image/upload/v1777571379/vay/18754.jpg,vay/18754
18755.jpg,https://res.cloudinary.com/dtadw36tk/image/upload/v1777571379/vay/18755.jpg,vay/18755
18758.jpg,https://res.cloudinary.com/dtadw36tk/image/upload/v1777571381/vay/18758.jpg,vay/18758
18894.jpg,https://res.cloudinary.com/dtadw36tk/image/upload/v1777571379/vay/18894.jpg,vay/18894
18895.jpg,https://res.cloudinary.com/dtadw36tk/image/upload/v1777571380/vay/18895.jpg,vay/18895
18896.jpg,https://res.cloudinary.com/dtadw36tk/image/upload/v1777571380/vay/18896.jpg,vay/18896
18897.jpg,https://res.cloudinary.com/dtadw36tk/image/upload/v1777571380/vay/18897.jpg,vay/18897
20637.jpg,https://res.cloudinary.com/dtadw36tk/image/upload/v1777571380/vay/20637.jpg,vay/20637
23050.jpg,https://res.cloudinary.com/dtadw36tk/image/upload/v1777571381/vay/23050.jpg,vay/23050
23051.jpg,https://res.cloudinary.com/dtadw36tk/image/upload/v1777571380/vay/23051.jpg,vay/23051
23621.jpg,https://res.cloudinary.com/dtadw36tk/image/upload/v1777571381/vay/23621.jpg,vay/23621
24876.jpg,https://res.cloudinary.com/dtadw36tk/image/upload/v1777571382/vay/24876.jpg,vay/24876
24929.jpg,https://res.cloudinary.com/dtadw36tk/image/upload/v1777571381/vay/24929.jpg,vay/24929
25503.jpg,https://res.cloudinary.com/dtadw36tk/image/upload/v1777571381/vay/25503.jpg,vay/25503
25907.jpg,https://res.cloudinary.com/dtadw36tk/image/upload/v1777571381/vay/25907.jpg,vay/25907
25908.jpg,https://res.cloudinary.com/dtadw36tk/image/upload/v1777571381/vay/25908.jpg,vay/25908
25930.jpg,https://res.cloudinary.com/dtadw36tk/image/upload/v1777571381/vay/25930.jpg,vay/25930
25931.jpg,https://res.cloudinary.com/dtadw36tk/image/upload/v1777571381/vay/25931.jpg,vay/25931
25966.jpg,https://res.cloudinary.com/dtadw36tk/image/upload/v1777571382/vay/25966.jpg,vay/25966
25971.jpg,https://res.cloudinary.com/dtadw36tk/image/upload/v1777571382/vay/25971.jpg,vay/25971
25972.jpg,https://res.cloudinary.com/dtadw36tk/image/upload/v1777571382/vay/25972.jpg,vay/25972
26355.jpg,https://res.cloudinary.com/dtadw36tk/image/upload/v1777571382/vay/26355.jpg,vay/26355
26364.jpg,https://res.cloudinary.com/dtadw36tk/image/upload/v1777571384/vay/26364.jpg,vay/26364
26863.jpg,https://res.cloudinary.com/dtadw36tk/image/upload/v1777571382/vay/26863.jpg,vay/26863
26927.jpg,https://res.cloudinary.com/dtadw36tk/image/upload/v1777571382/vay/26927.jpg,vay/26927
26928.jpg,https://res.cloudinary.com/dtadw36tk/image/upload/v1777571382/vay/26928.jpg,vay/26928
26934.jpg,https://res.cloudinary.com/dtadw36tk/image/upload/v1777571383/vay/26934.jpg,vay/26934
26935.jpg,https://res.cloudinary.com/dtadw36tk/image/upload/v1777571383/vay/26935.jpg,vay/26935
2697.jpg,https://res.cloudinary.com/dtadw36tk/image/upload/v1777571383/vay/2697.jpg,vay/2697
26974.jpg,https://res.cloudinary.com/dtadw36tk/image/upload/v1777571383/vay/26974.jpg,vay/26974
2699.jpg,https://res.cloudinary.com/dtadw36tk/image/upload/v1777571383/vay/2699.jpg,vay/2699
2704.jpg,https://res.cloudinary.com/dtadw36tk/image/upload/v1777571385/vay/2704.jpg,vay/2704
2705.jpg,https://res.cloudinary.com/dtadw36tk/image/upload/v1777571383/vay/2705.jpg,vay/2705
2707.jpg,https://res.cloudinary.com/dtadw36tk/image/upload/v1777571383/vay/2707.jpg,vay/2707
2708.jpg,https://res.cloudinary.com/dtadw36tk/image/upload/v1777571384/vay/2708.jpg,vay/2708
2710.jpg,https://res.cloudinary.com/dtadw36tk/image/upload/v1777571384/vay/2710.jpg,vay/2710
2711.jpg,https://res.cloudinary.com/dtadw36tk/image/upload/v1777571384/vay/2711.jpg,vay/2711
2712.jpg,https://res.cloudinary.com/dtadw36tk/image/upload/v1777571384/vay/2712.jpg,vay/2712
27195.jpg,https://res.cloudinary.com/dtadw36tk/image/upload/v1777571384/vay/27195.jpg,vay/27195
27196.jpg,https://res.cloudinary.com/dtadw36tk/image/upload/v1777571384/vay/27196.jpg,vay/27196
27197.jpg,https://res.cloudinary.com/dtadw36tk/image/upload/v1777571385/vay/27197.jpg,vay/27197
27198.jpg,https://res.cloudinary.com/dtadw36tk/image/upload/v1777571385/vay/27198.jpg,vay/27198
27199.jpg,https://res.cloudinary.com/dtadw36tk/image/upload/v1777571386/vay/27199.jpg,vay/27199
27219.jpg,https://res.cloudinary.com/dtadw36tk/image/upload/v1777571387/vay/27219.jpg,vay/27219
27223.jpg,https://res.cloudinary.com/dtadw36tk/image/upload/v1777571385/vay/27223.jpg,vay/27223
27224.jpg,https://res.cloudinary.com/dtadw36tk/image/upload/v1777571386/vay/27224.jpg,vay/27224
27225.jpg,https://res.cloudinary.com/dtadw36tk/image/upload/v1777571387/vay/27225.jpg,vay/27225
27226.jpg,https://res.cloudinary.com/dtadw36tk/image/upload/v1777571385/vay/27226.jpg,vay/27226
27227.jpg,https://res.cloudinary.com/dtadw36tk/image/upload/v1777571386/vay/27227.jpg,vay/27227
27228.jpg,https://res.cloudinary.com/dtadw36tk/image/upload/v1777571386/vay/27228.jpg,vay/27228
27231.jpg,https://res.cloudinary.com/dtadw36tk/image/upload/v1777571386/vay/27231.jpg,vay/27231
28455.jpg,https://res.cloudinary.com/dtadw36tk/image/upload/v1777571386/vay/28455.jpg,vay/28455
28456.jpg,https://res.cloudinary.com/dtadw36tk/image/upload/v1777571386/vay/28456.jpg,vay/28456
29158.jpg,https://res.cloudinary.com/dtadw36tk/image/upload/v1777571387/vay/29158.jpg,vay/29158
29166.jpg,https://res.cloudinary.com/dtadw36tk/image/upload/v1777571387/vay/29166.jpg,vay/29166
29167.jpg,https://res.cloudinary.com/dtadw36tk/image/upload/v1777571389/vay/29167.jpg,vay/29167
29171.jpg,https://res.cloudinary.com/dtadw36tk/image/upload/v1777571387/vay/29171.jpg,vay/29171
29172.jpg,https://res.cloudinary.com/dtadw36tk/image/upload/v1777571387/vay/29172.jpg,vay/29172
29173.jpg,https://res.cloudinary.com/dtadw36tk/image/upload/v1777571387/vay/29173.jpg,vay/29173
30922.jpg,https://res.cloudinary.com/dtadw36tk/image/upload/v1777571388/vay/30922.jpg,vay/30922
30923.jpg,https://res.cloudinary.com/dtadw36tk/image/upload/v1777571388/vay/30923.jpg,vay/30923
30924.jpg,https://res.cloudinary.com/dtadw36tk/image/upload/v1777571388/vay/30924.jpg,vay/30924
30925.jpg,https://res.cloudinary.com/dtadw36tk/image/upload/v1777571388/vay/30925.jpg,vay/30925
30926.jpg,https://res.cloudinary.com/dtadw36tk/image/upload/v1777571388/vay/30926.jpg,vay/30926
30927.jpg,https://res.cloudinary.com/dtadw36tk/image/upload/v1777571389/vay/30927.jpg,vay/30927
30928.jpg,https://res.cloudinary.com/dtadw36tk/image/upload/v1777571388/vay/30928.jpg,vay/30928
30929.jpg,https://res.cloudinary.com/dtadw36tk/image/upload/v1777571389/vay/30929.jpg,vay/30929
31124.jpg,https://res.cloudinary.com/dtadw36tk/image/upload/v1777571389/vay/31124.jpg,vay/31124
31126.jpg,https://res.cloudinary.com/dtadw36tk/image/upload/v1777571389/vay/31126.jpg,vay/31126
31127.jpg,https://res.cloudinary.com/dtadw36tk/image/upload/v1777571389/vay/31127.jpg,vay/31127
31128.jpg,https://res.cloudinary.com/dtadw36tk/image/upload/v1777571389/vay/31128.jpg,vay/31128
31129.jpg,https://res.cloudinary.com/dtadw36tk/image/upload/v1777571389/vay/31129.jpg,vay/31129
31130.jpg,https://res.cloudinary.com/dtadw36tk/image/upload/v1777571389/vay/31130.jpg,vay/31130
31167.jpg,https://res.cloudinary.com/dtadw36tk/image/upload/v1777571389/vay/31167.jpg,vay/31167
31168.jpg,https://res.cloudinary.com/dtadw36tk/image/upload/v1777571390/vay/31168.jpg,vay/31168
31454.jpg,https://res.cloudinary.com/dtadw36tk/image/upload/v1777571390/vay/31454.jpg,vay/31454
31605.jpg,https://res.cloudinary.com/dtadw36tk/image/upload/v1777571390/vay/31605.jpg,vay/31605
32250.jpg,https://res.cloudinary.com/dtadw36tk/image/upload/v1777571390/vay/32250.jpg,vay/32250
32251.jpg,https://res.cloudinary.com/dtadw36tk/image/upload/v1777571390/vay/32251.jpg,vay/32251
32252.jpg,https://res.cloudinary.com/dtadw36tk/image/upload/v1777571390/vay/32252.jpg,vay/32252
32378.jpg,https://res.cloudinary.com/dtadw36tk/image/upload/v1777571390/vay/32378.jpg,vay/32378
32379.jpg,https://res.cloudinary.com/dtadw36tk/image/upload/v1777571390/vay/32379.jpg,vay/32379
32576.jpg,https://res.cloudinary.com/dtadw36tk/image/upload/v1777571390/vay/32576.jpg,vay/32576
32577.jpg,https://res.cloudinary.com/dtadw36tk/image/upload/v1777571391/vay/32577.jpg,vay/32577
32581.jpg,https://res.cloudinary.com/dtadw36tk/image/upload/v1777571391/vay/32581.jpg,vay/32581
32582.jpg,https://res.cloudinary.com/dtadw36tk/image/upload/v1777571391/vay/32582.jpg,vay/32582
32591.jpg,https://res.cloudinary.com/dtadw36tk/image/upload/v1777571391/vay/32591.jpg,vay/32591
33199.jpg,https://res.cloudinary.com/dtadw36tk/image/upload/v1777571391/vay/33199.jpg,vay/33199
33201.jpg,https://res.cloudinary.com/dtadw36tk/image/upload/v1777571391/vay/33201.jpg,vay/33201
33203.jpg,https://res.cloudinary.com/dtadw36tk/image/upload/v1777571391/vay/33203.jpg,vay/33203
33209.jpg,https://res.cloudinary.com/dtadw36tk/image/upload/v1777571391/vay/33209.jpg,vay/33209
33225.jpg,https://res.cloudinary.com/dtadw36tk/image/upload/v1777571392/vay/33225.jpg,vay/33225
33226.jpg,https://res.cloudinary.com/dtadw36tk/image/upload/v1777571392/vay/33226.jpg,vay/33226
33270.jpg,https://res.cloudinary.com/dtadw36tk/image/upload/v1777571392/vay/33270.jpg,vay/33270
33271.jpg,https://res.cloudinary.com/dtadw36tk/image/upload/v1777571392/vay/33271.jpg,vay/33271
33486.jpg,https://res.cloudinary.com/dtadw36tk/image/upload/v1777571392/vay/33486.jpg,vay/33486
33503.jpg,https://res.cloudinary.com/dtadw36tk/image/upload/v1777571392/vay/33503.jpg,vay/33503
33504.jpg,https://res.cloudinary.com/dtadw36tk/image/upload/v1777571392/vay/33504.jpg,vay/33504
33505.jpg,https://res.cloudinary.com/dtadw36tk/image/upload/v1777571393/vay/33505.jpg,vay/33505
33508.jpg,https://res.cloudinary.com/dtadw36tk/image/upload/v1777571392/vay/33508.jpg,vay/33508
33969.jpg,https://res.cloudinary.com/dtadw36tk/image/upload/v1777571392/vay/33969.jpg,vay/33969
33970.jpg,https://res.cloudinary.com/dtadw36tk/image/upload/v1777571393/vay/33970.jpg,vay/33970
33976.jpg,https://res.cloudinary.com/dtadw36tk/image/upload/v1777571393/vay/33976.jpg,vay/33976
33997.jpg,https://res.cloudinary.com/dtadw36tk/image/upload/v1777571393/vay/33997.jpg,vay/33997
34015.jpg,https://res.cloudinary.com/dtadw36tk/image/upload/v1777571393/vay/34015.jpg,vay/34015
34061.jpg,https://res.cloudinary.com/dtadw36tk/image/upload/v1777571393/vay/34061.jpg,vay/34061
34062.jpg,https://res.cloudinary.com/dtadw36tk/image/upload/v1777571394/vay/34062.jpg,vay/34062
34063.jpg,https://res.cloudinary.com/dtadw36tk/image/upload/v1777571393/vay/34063.jpg,vay/34063
34064.jpg,https://res.cloudinary.com/dtadw36tk/image/upload/v1777571394/vay/34064.jpg,vay/34064
34065.jpg,https://res.cloudinary.com/dtadw36tk/image/upload/v1777571394/vay/34065.jpg,vay/34065
34066.jpg,https://res.cloudinary.com/dtadw36tk/image/upload/v1777571394/vay/34066.jpg,vay/34066
34095.jpg,https://res.cloudinary.com/dtadw36tk/image/upload/v1777571394/vay/34095.jpg,vay/34095
34113.jpg,https://res.cloudinary.com/dtadw36tk/image/upload/v1777571394/vay/34113.jpg,vay/34113
34114.jpg,https://res.cloudinary.com/dtadw36tk/image/upload/v1777571394/vay/34114.jpg,vay/34114
34115.jpg,https://res.cloudinary.com/dtadw36tk/image/upload/v1777571394/vay/34115.jpg,vay/34115
34148.jpg,https://res.cloudinary.com/dtadw36tk/image/upload/v1777571394/vay/34148.jpg,vay/34148
34149.jpg,https://res.cloudinary.com/dtadw36tk/image/upload/v1777571395/vay/34149.jpg,vay/34149
34167.jpg,https://res.cloudinary.com/dtadw36tk/image/upload/v1777571395/vay/34167.jpg,vay/34167
34473.jpg,https://res.cloudinary.com/dtadw36tk/image/upload/v1777571395/vay/34473.jpg,vay/34473
34492.jpg,https://res.cloudinary.com/dtadw36tk/image/upload/v1777571395/vay/34492.jpg,vay/34492
34493.jpg,https://res.cloudinary.com/dtadw36tk/image/upload/v1777571395/vay/34493.jpg,vay/34493
34494.jpg,https://res.cloudinary.com/dtadw36tk/image/upload/v1777571395/vay/34494.jpg,vay/34494
34495.jpg,https://res.cloudinary.com/dtadw36tk/image/upload/v1777571395/vay/34495.jpg,vay/34495
34564.jpg,https://res.cloudinary.com/dtadw36tk/image/upload/v1777571395/vay/34564.jpg,vay/34564
34565.jpg,https://res.cloudinary.com/dtadw36tk/image/upload/v1777571396/vay/34565.jpg,vay/34565
34566.jpg,https://res.cloudinary.com/dtadw36tk/image/upload/v1777571396/vay/34566.jpg,vay/34566
34567.jpg,https://res.cloudinary.com/dtadw36tk/image/upload/v1777571396/vay/34567.jpg,vay/34567
34570.jpg,https://res.cloudinary.com/dtadw36tk/image/upload/v1777571396/vay/34570.jpg,vay/34570
34572.jpg,https://res.cloudinary.com/dtadw36tk/image/upload/v1777571396/vay/34572.jpg,vay/34572
34578.jpg,https://res.cloudinary.com/dtadw36tk/image/upload/v1777571396/vay/34578.jpg,vay/34578
34581.jpg,https://res.cloudinary.com/dtadw36tk/image/upload/v1777571396/vay/34581.jpg,vay/34581
34585.jpg,https://res.cloudinary.com/dtadw36tk/image/upload/v1777571397/vay/34585.jpg,vay/34585
34586.jpg,https://res.cloudinary.com/dtadw36tk/image/upload/v1777571397/vay/34586.jpg,vay/34586
34588.jpg,https://res.cloudinary.com/dtadw36tk/image/upload/v1777571397/vay/34588.jpg,vay/34588
34591.jpg,https://res.cloudinary.com/dtadw36tk/image/upload/v1777571397/vay/34591.jpg,vay/34591
34592.jpg,https://res.cloudinary.com/dtadw36tk/image/upload/v1777571397/vay/34592.jpg,vay/34592
34598.jpg,https://res.cloudinary.com/dtadw36tk/image/upload/v1777571397/vay/34598.jpg,vay/34598
34599.jpg,https://res.cloudinary.com/dtadw36tk/image/upload/v1777571397/vay/34599.jpg,vay/34599
34600.jpg,https://res.cloudinary.com/dtadw36tk/image/upload/v1777571398/vay/34600.jpg,vay/34600
35432.jpg,https://res.cloudinary.com/dtadw36tk/image/upload/v1777571398/vay/35432.jpg,vay/35432
35433.jpg,https://res.cloudinary.com/dtadw36tk/image/upload/v1777571398/vay/35433.jpg,vay/35433
35434.jpg,https://res.cloudinary.com/dtadw36tk/image/upload/v1777571399/vay/35434.jpg,vay/35434
35958.jpg,https://res.cloudinary.com/dtadw36tk/image/upload/v1777571398/vay/35958.jpg,vay/35958
35989.jpg,https://res.cloudinary.com/dtadw36tk/image/upload/v1777571398/vay/35989.jpg,vay/35989
35990.jpg,https://res.cloudinary.com/dtadw36tk/image/upload/v1777571399/vay/35990.jpg,vay/35990
36749.jpg,https://res.cloudinary.com/dtadw36tk/image/upload/v1777571398/vay/36749.jpg,vay/36749
36750.jpg,https://res.cloudinary.com/dtadw36tk/image/upload/v1777571398/vay/36750.jpg,vay/36750
37198.jpg,https://res.cloudinary.com/dtadw36tk/image/upload/v1777571398/vay/37198.jpg,vay/37198
37208.jpg,https://res.cloudinary.com/dtadw36tk/image/upload/v1777571398/vay/37208.jpg,vay/37208
37266.jpg,https://res.cloudinary.com/dtadw36tk/image/upload/v1777571399/vay/37266.jpg,vay/37266
37267.jpg,https://res.cloudinary.com/dtadw36tk/image/upload/v1777571399/vay/37267.jpg,vay/37267
37911.jpg,https://res.cloudinary.com/dtadw36tk/image/upload/v1777571401/vay/37911.jpg,vay/37911
37912.jpg,https://res.cloudinary.com/dtadw36tk/image/upload/v1777571399/vay/37912.jpg,vay/37912
37929.jpg,https://res.cloudinary.com/dtadw36tk/image/upload/v1777571399/vay/37929.jpg,vay/37929
37930.jpg,https://res.cloudinary.com/dtadw36tk/image/upload/v1777571399/vay/37930.jpg,vay/37930
37936.jpg,https://res.cloudinary.com/dtadw36tk/image/upload/v1777571400/vay/37936.jpg,vay/37936
37937.jpg,https://res.cloudinary.com/dtadw36tk/image/upload/v1777571400/vay/37937.jpg,vay/37937
37938.jpg,https://res.cloudinary.com/dtadw36tk/image/upload/v1777571400/vay/37938.jpg,vay/37938
38504.jpg,https://res.cloudinary.com/dtadw36tk/image/upload/v1777571402/vay/38504.jpg,vay/38504
38505.jpg,https://res.cloudinary.com/dtadw36tk/image/upload/v1777571402/vay/38505.jpg,vay/38505
38828.jpg,https://res.cloudinary.com/dtadw36tk/image/upload/v1777571400/vay/38828.jpg,vay/38828
38830.jpg,https://res.cloudinary.com/dtadw36tk/image/upload/v1777571401/vay/38830.jpg,vay/38830
38832.jpg,https://res.cloudinary.com/dtadw36tk/image/upload/v1777571401/vay/38832.jpg,vay/38832
38835.jpg,https://res.cloudinary.com/dtadw36tk/image/upload/v1777571401/vay/38835.jpg,vay/38835
38836.jpg,https://res.cloudinary.com/dtadw36tk/image/upload/v1777571401/vay/38836.jpg,vay/38836
38837.jpg,https://res.cloudinary.com/dtadw36tk/image/upload/v1777571401/vay/38837.jpg,vay/38837
38838.jpg,https://res.cloudinary.com/dtadw36tk/image/upload/v1777571401/vay/38838.jpg,vay/38838
38839.jpg,https://res.cloudinary.com/dtadw36tk/image/upload/v1777571402/vay/38839.jpg,vay/38839
38840.jpg,https://res.cloudinary.com/dtadw36tk/image/upload/v1777571402/vay/38840.jpg,vay/38840
38841.jpg,https://res.cloudinary.com/dtadw36tk/image/upload/v1777571402/vay/38841.jpg,vay/38841
38842.jpg,https://res.cloudinary.com/dtadw36tk/image/upload/v1777571402/vay/38842.jpg,vay/38842
38843.jpg,https://res.cloudinary.com/dtadw36tk/image/upload/v1777571402/vay/38843.jpg,vay/38843
38844.jpg,https://res.cloudinary.com/dtadw36tk/image/upload/v1777571402/vay/38844.jpg,vay/38844
38845.jpg,https://res.cloudinary.com/dtadw36tk/image/upload/v1777571402/vay/38845.jpg,vay/38845
38846.jpg,https://res.cloudinary.com/dtadw36tk/image/upload/v1777571403/vay/38846.jpg,vay/38846
38847.jpg,https://res.cloudinary.com/dtadw36tk/image/upload/v1777571402/vay/38847.jpg,vay/38847
3896.jpg,https://res.cloudinary.com/dtadw36tk/image/upload/v1777571403/vay/3896.jpg,vay/3896
38997.jpg,https://res.cloudinary.com/dtadw36tk/image/upload/v1777571403/vay/38997.jpg,vay/38997
38998.jpg,https://res.cloudinary.com/dtadw36tk/image/upload/v1777571403/vay/38998.jpg,vay/38998
3901.jpg,https://res.cloudinary.com/dtadw36tk/image/upload/v1777571403/vay/3901.jpg,vay/3901
39217.jpg,https://res.cloudinary.com/dtadw36tk/image/upload/v1777571403/vay/39217.jpg,vay/39217
39220.jpg,https://res.cloudinary.com/dtadw36tk/image/upload/v1777571403/vay/39220.jpg,vay/39220
39221.jpg,https://res.cloudinary.com/dtadw36tk/image/upload/v1777571403/vay/39221.jpg,vay/39221
39226.jpg,https://res.cloudinary.com/dtadw36tk/image/upload/v1777571403/vay/39226.jpg,vay/39226
39227.jpg,https://res.cloudinary.com/dtadw36tk/image/upload/v1777571404/vay/39227.jpg,vay/39227
39232.jpg,https://res.cloudinary.com/dtadw36tk/image/upload/v1777571404/vay/39232.jpg,vay/39232
39233.jpg,https://res.cloudinary.com/dtadw36tk/image/upload/v1777571404/vay/39233.jpg,vay/39233
39234.jpg,https://res.cloudinary.com/dtadw36tk/image/upload/v1777571404/vay/39234.jpg,vay/39234
39235.jpg,https://res.cloudinary.com/dtadw36tk/image/upload/v1777571404/vay/39235.jpg,vay/39235
39314.jpg,https://res.cloudinary.com/dtadw36tk/image/upload/v1777571404/vay/39314.jpg,vay/39314
39330.jpg,https://res.cloudinary.com/dtadw36tk/image/upload/v1777571404/vay/39330.jpg,vay/39330
39716.jpg,https://res.cloudinary.com/dtadw36tk/image/upload/v1777571404/vay/39716.jpg,vay/39716
39723.jpg,https://res.cloudinary.com/dtadw36tk/image/upload/v1777571404/vay/39723.jpg,vay/39723
39724.jpg,https://res.cloudinary.com/dtadw36tk/image/upload/v1777571405/vay/39724.jpg,vay/39724
39725.jpg,https://res.cloudinary.com/dtadw36tk/image/upload/v1777571405/vay/39725.jpg,vay/39725
39731.jpg,https://res.cloudinary.com/dtadw36tk/image/upload/v1777571405/vay/39731.jpg,vay/39731
40127.jpg,https://res.cloudinary.com/dtadw36tk/image/upload/v1777571406/vay/40127.jpg,vay/40127
40148.jpg,https://res.cloudinary.com/dtadw36tk/image/upload/v1777571405/vay/40148.jpg,vay/40148
40149.jpg,https://res.cloudinary.com/dtadw36tk/image/upload/v1777571405/vay/40149.jpg,vay/40149
40402.jpg,https://res.cloudinary.com/dtadw36tk/image/upload/v1777571406/vay/40402.jpg,vay/40402
40405.jpg,https://res.cloudinary.com/dtadw36tk/image/upload/v1777571405/vay/40405.jpg,vay/40405
40412.jpg,https://res.cloudinary.com/dtadw36tk/image/upload/v1777571405/vay/40412.jpg,vay/40412
40413.jpg,https://res.cloudinary.com/dtadw36tk/image/upload/v1777571405/vay/40413.jpg,vay/40413
40428.jpg,https://res.cloudinary.com/dtadw36tk/image/upload/v1777571405/vay/40428.jpg,vay/40428
40430.jpg,https://res.cloudinary.com/dtadw36tk/image/upload/v1777571406/vay/40430.jpg,vay/40430
40431.jpg,https://res.cloudinary.com/dtadw36tk/image/upload/v1777571406/vay/40431.jpg,vay/40431
40432.jpg,https://res.cloudinary.com/dtadw36tk/image/upload/v1777571407/vay/40432.jpg,vay/40432
40433.jpg,https://res.cloudinary.com/dtadw36tk/image/upload/v1777571406/vay/40433.jpg,vay/40433
40434.jpg,https://res.cloudinary.com/dtadw36tk/image/upload/v1777571406/vay/40434.jpg,vay/40434
40442.jpg,https://res.cloudinary.com/dtadw36tk/image/upload/v1777571407/vay/40442.jpg,vay/40442
41002.jpg,https://res.cloudinary.com/dtadw36tk/image/upload/v1777571406/vay/41002.jpg,vay/41002
41003.jpg,https://res.cloudinary.com/dtadw36tk/image/upload/v1777571406/vay/41003.jpg,vay/41003
41004.jpg,https://res.cloudinary.com/dtadw36tk/image/upload/v1777571407/vay/41004.jpg,vay/41004
41005.jpg,https://res.cloudinary.com/dtadw36tk/image/upload/v1777571407/vay/41005.jpg,vay/41005
41140.jpg,https://res.cloudinary.com/dtadw36tk/image/upload/v1777571407/vay/41140.jpg,vay/41140
41141.jpg,https://res.cloudinary.com/dtadw36tk/image/upload/v1777571407/vay/41141.jpg,vay/41141
41152.jpg,https://res.cloudinary.com/dtadw36tk/image/upload/v1777571407/vay/41152.jpg,vay/41152
41153.jpg,https://res.cloudinary.com/dtadw36tk/image/upload/v1777571408/vay/41153.jpg,vay/41153
41302.jpg,https://res.cloudinary.com/dtadw36tk/image/upload/v1777571408/vay/41302.jpg,vay/41302
41563.jpg,https://res.cloudinary.com/dtadw36tk/image/upload/v1777571408/vay/41563.jpg,vay/41563
41565.jpg,https://res.cloudinary.com/dtadw36tk/image/upload/v1777571408/vay/41565.jpg,vay/41565
41570.jpg,https://res.cloudinary.com/dtadw36tk/image/upload/v1777571408/vay/41570.jpg,vay/41570
41571.jpg,https://res.cloudinary.com/dtadw36tk/image/upload/v1777571408/vay/41571.jpg,vay/41571
41759.jpg,https://res.cloudinary.com/dtadw36tk/image/upload/v1777571408/vay/41759.jpg,vay/41759
41770.jpg,https://res.cloudinary.com/dtadw36tk/image/upload/v1777571409/vay/41770.jpg,vay/41770
41774.jpg,https://res.cloudinary.com/dtadw36tk/image/upload/v1777571409/vay/41774.jpg,vay/41774
41784.jpg,https://res.cloudinary.com/dtadw36tk/image/upload/v1777571409/vay/41784.jpg,vay/41784
41786.jpg,https://res.cloudinary.com/dtadw36tk/image/upload/v1777571409/vay/41786.jpg,vay/41786
41798.jpg,https://res.cloudinary.com/dtadw36tk/image/upload/v1777571409/vay/41798.jpg,vay/41798
41996.jpg,https://res.cloudinary.com/dtadw36tk/image/upload/v1777571411/vay/41996.jpg,vay/41996
42209.jpg,https://res.cloudinary.com/dtadw36tk/image/upload/v1777571409/vay/42209.jpg,vay/42209
42216.jpg,https://res.cloudinary.com/dtadw36tk/image/upload/v1777571409/vay/42216.jpg,vay/42216
42217.jpg,https://res.cloudinary.com/dtadw36tk/image/upload/v1777571409/vay/42217.jpg,vay/42217
42290.jpg,https://res.cloudinary.com/dtadw36tk/image/upload/v1777571410/vay/42290.jpg,vay/42290
42591.jpg,https://res.cloudinary.com/dtadw36tk/image/upload/v1777571410/vay/42591.jpg,vay/42591
42592.jpg,https://res.cloudinary.com/dtadw36tk/image/upload/v1777571410/vay/42592.jpg,vay/42592
43302.jpg,https://res.cloudinary.com/dtadw36tk/image/upload/v1777571410/vay/43302.jpg,vay/43302
43303.jpg,https://res.cloudinary.com/dtadw36tk/image/upload/v1777571410/vay/43303.jpg,vay/43303
43331.jpg,https://res.cloudinary.com/dtadw36tk/image/upload/v1777571410/vay/43331.jpg,vay/43331
43508.jpg,https://res.cloudinary.com/dtadw36tk/image/upload/v1777571410/vay/43508.jpg,vay/43508
43509.jpg,https://res.cloudinary.com/dtadw36tk/image/upload/v1777571410/vay/43509.jpg,vay/43509
43510.jpg,https://res.cloudinary.com/dtadw36tk/image/upload/v1777571410/vay/43510.jpg,vay/43510
43511.jpg,https://res.cloudinary.com/dtadw36tk/image/upload/v1777571410/vay/43511.jpg,vay/43511
43512.jpg,https://res.cloudinary.com/dtadw36tk/image/upload/v1777571411/vay/43512.jpg,vay/43512
43513.jpg,https://res.cloudinary.com/dtadw36tk/image/upload/v1777571411/vay/43513.jpg,vay/43513
43514.jpg,https://res.cloudinary.com/dtadw36tk/image/upload/v1777571411/vay/43514.jpg,vay/43514
43515.jpg,https://res.cloudinary.com/dtadw36tk/image/upload/v1777571411/vay/43515.jpg,vay/43515
43520.jpg,https://res.cloudinary.com/dtadw36tk/image/upload/v1777571411/vay/43520.jpg,vay/43520
43586.jpg,https://res.cloudinary.com/dtadw36tk/image/upload/v1777571411/vay/43586.jpg,vay/43586
43625.jpg,https://res.cloudinary.com/dtadw36tk/image/upload/v1777571411/vay/43625.jpg,vay/43625
43627.jpg,https://res.cloudinary.com/dtadw36tk/image/upload/v1777571412/vay/43627.jpg,vay/43627
43632.jpg,https://res.cloudinary.com/dtadw36tk/image/upload/v1777571412/vay/43632.jpg,vay/43632
43633.jpg,https://res.cloudinary.com/dtadw36tk/image/upload/v1777571412/vay/43633.jpg,vay/43633
43634.jpg,https://res.cloudinary.com/dtadw36tk/image/upload/v1777571412/vay/43634.jpg,vay/43634
43637.jpg,https://res.cloudinary.com/dtadw36tk/image/upload/v1777571412/vay/43637.jpg,vay/43637
43643.jpg,https://res.cloudinary.com/dtadw36tk/image/upload/v1777571412/vay/43643.jpg,vay/43643
43644.jpg,https://res.cloudinary.com/dtadw36tk/image/upload/v1777571412/vay/43644.jpg,vay/43644
43645.jpg,https://res.cloudinary.com/dtadw36tk/image/upload/v1777571412/vay/43645.jpg,vay/43645
43646.jpg,https://res.cloudinary.com/dtadw36tk/image/upload/v1777571413/vay/43646.jpg,vay/43646
43648.jpg,https://res.cloudinary.com/dtadw36tk/image/upload/v1777571413/vay/43648.jpg,vay/43648
43652.jpg,https://res.cloudinary.com/dtadw36tk/image/upload/v1777571414/vay/43652.jpg,vay/43652
43653.jpg,https://res.cloudinary.com/dtadw36tk/image/upload/v1777571413/vay/43653.jpg,vay/43653
43658.jpg,https://res.cloudinary.com/dtadw36tk/image/upload/v1777571413/vay/43658.jpg,vay/43658
43659.jpg,https://res.cloudinary.com/dtadw36tk/image/upload/v1777571413/vay/43659.jpg,vay/43659
43667.jpg,https://res.cloudinary.com/dtadw36tk/image/upload/v1777571413/vay/43667.jpg,vay/43667
43672.jpg,https://res.cloudinary.com/dtadw36tk/image/upload/v1777571413/vay/43672.jpg,vay/43672
43676.jpg,https://res.cloudinary.com/dtadw36tk/image/upload/v1777571413/vay/43676.jpg,vay/43676
43677.jpg,https://res.cloudinary.com/dtadw36tk/image/upload/v1777571414/vay/43677.jpg,vay/43677
43678.jpg,https://res.cloudinary.com/dtadw36tk/image/upload/v1777571414/vay/43678.jpg,vay/43678
43680.jpg,https://res.cloudinary.com/dtadw36tk/image/upload/v1777571414/vay/43680.jpg,vay/43680
43681.jpg,https://res.cloudinary.com/dtadw36tk/image/upload/v1777571414/vay/43681.jpg,vay/43681
43694.jpg,https://res.cloudinary.com/dtadw36tk/image/upload/v1777571414/vay/43694.jpg,vay/43694
43919.jpg,https://res.cloudinary.com/dtadw36tk/image/upload/v1777571415/vay/43919.jpg,vay/43919
43920.jpg,https://res.cloudinary.com/dtadw36tk/image/upload/v1777571415/vay/43920.jpg,vay/43920
44643.jpg,https://res.cloudinary.com/dtadw36tk/image/upload/v1777571415/vay/44643.jpg,vay/44643
44646.jpg,https://res.cloudinary.com/dtadw36tk/image/upload/v1777571415/vay/44646.jpg,vay/44646
44681.jpg,https://res.cloudinary.com/dtadw36tk/image/upload/v1777571415/vay/44681.jpg,vay/44681
44682.jpg,https://res.cloudinary.com/dtadw36tk/image/upload/v1777571417/vay/44682.jpg,vay/44682
44687.jpg,https://res.cloudinary.com/dtadw36tk/image/upload/v1777571415/vay/44687.jpg,vay/44687
44688.jpg,https://res.cloudinary.com/dtadw36tk/image/upload/v1777571415/vay/44688.jpg,vay/44688
44694.jpg,https://res.cloudinary.com/dtadw36tk/image/upload/v1777571415/vay/44694.jpg,vay/44694
44944.jpg,https://res.cloudinary.com/dtadw36tk/image/upload/v1777571417/vay/44944.jpg,vay/44944
45777.jpg,https://res.cloudinary.com/dtadw36tk/image/upload/v1777571417/vay/45777.jpg,vay/45777
46216.jpg,https://res.cloudinary.com/dtadw36tk/image/upload/v1777571416/vay/46216.jpg,vay/46216
46271.jpg,https://res.cloudinary.com/dtadw36tk/image/upload/v1777571416/vay/46271.jpg,vay/46271
46277.jpg,https://res.cloudinary.com/dtadw36tk/image/upload/v1777571416/vay/46277.jpg,vay/46277
46281.jpg,https://res.cloudinary.com/dtadw36tk/image/upload/v1777571416/vay/46281.jpg,vay/46281
46285.jpg,https://res.cloudinary.com/dtadw36tk/image/upload/v1777571417/vay/46285.jpg,vay/46285
46813.jpg,https://res.cloudinary.com/dtadw36tk/image/upload/v1777571417/vay/46813.jpg,vay/46813
46814.jpg,https://res.cloudinary.com/dtadw36tk/image/upload/v1777571417/vay/46814.jpg,vay/46814
47650.jpg,https://res.cloudinary.com/dtadw36tk/image/upload/v1777571418/vay/47650.jpg,vay/47650
47651.jpg,https://res.cloudinary.com/dtadw36tk/image/upload/v1777571418/vay/47651.jpg,vay/47651
47655.jpg,https://res.cloudinary.com/dtadw36tk/image/upload/v1777571418/vay/47655.jpg,vay/47655
47656.jpg,https://res.cloudinary.com/dtadw36tk/image/upload/v1777571418/vay/47656.jpg,vay/47656
47657.jpg,https://res.cloudinary.com/dtadw36tk/image/upload/v1777571418/vay/47657.jpg,vay/47657
47658.jpg,https://res.cloudinary.com/dtadw36tk/image/upload/v1777571418/vay/47658.jpg,vay/47658
47661.jpg,https://res.cloudinary.com/dtadw36tk/image/upload/v1777571418/vay/47661.jpg,vay/47661
47674.jpg,https://res.cloudinary.com/dtadw36tk/image/upload/v1777571420/vay/47674.jpg,vay/47674
47675.jpg,https://res.cloudinary.com/dtadw36tk/image/upload/v1777571419/vay/47675.jpg,vay/47675
47676.jpg,https://res.cloudinary.com/dtadw36tk/image/upload/v1777571418/vay/47676.jpg,vay/47676
48083.jpg,https://res.cloudinary.com/dtadw36tk/image/upload/v1777571419/vay/48083.jpg,vay/48083
48084.jpg,https://res.cloudinary.com/dtadw36tk/image/upload/v1777571419/vay/48084.jpg,vay/48084
48085.jpg,https://res.cloudinary.com/dtadw36tk/image/upload/v1777571419/vay/48085.jpg,vay/48085
48086.jpg,https://res.cloudinary.com/dtadw36tk/image/upload/v1777571419/vay/48086.jpg,vay/48086
48463.jpg,https://res.cloudinary.com/dtadw36tk/image/upload/v1777571419/vay/48463.jpg,vay/48463
48464.jpg,https://res.cloudinary.com/dtadw36tk/image/upload/v1777571419/vay/48464.jpg,vay/48464
48465.jpg,https://res.cloudinary.com/dtadw36tk/image/upload/v1777571419/vay/48465.jpg,vay/48465
48466.jpg,https://res.cloudinary.com/dtadw36tk/image/upload/v1777571420/vay/48466.jpg,vay/48466
48467.jpg,https://res.cloudinary.com/dtadw36tk/image/upload/v1777571420/vay/48467.jpg,vay/48467
48468.jpg,https://res.cloudinary.com/dtadw36tk/image/upload/v1777571420/vay/48468.jpg,vay/48468
48469.jpg,https://res.cloudinary.com/dtadw36tk/image/upload/v1777571420/vay/48469.jpg,vay/48469
48470.jpg,https://res.cloudinary.com/dtadw36tk/image/upload/v1777571421/vay/48470.jpg,vay/48470
48471.jpg,https://res.cloudinary.com/dtadw36tk/image/upload/v1777571420/vay/48471.jpg,vay/48471
48472.jpg,https://res.cloudinary.com/dtadw36tk/image/upload/v1777571420/vay/48472.jpg,vay/48472
48473.jpg,https://res.cloudinary.com/dtadw36tk/image/upload/v1777571421/vay/48473.jpg,vay/48473
48474.jpg,https://res.cloudinary.com/dtadw36tk/image/upload/v1777571421/vay/48474.jpg,vay/48474
48475.jpg,https://res.cloudinary.com/dtadw36tk/image/upload/v1777571421/vay/48475.jpg,vay/48475
48476.jpg,https://res.cloudinary.com/dtadw36tk/image/upload/v1777571421/vay/48476.jpg,vay/48476
48477.jpg,https://res.cloudinary.com/dtadw36tk/image/upload/v1777571421/vay/48477.jpg,vay/48477
48478.jpg,https://res.cloudinary.com/dtadw36tk/image/upload/v1777571421/vay/48478.jpg,vay/48478
48479.jpg,https://res.cloudinary.com/dtadw36tk/image/upload/v1777571421/vay/48479.jpg,vay/48479
48480.jpg,https://res.cloudinary.com/dtadw36tk/image/upload/v1777571421/vay/48480.jpg,vay/48480
48481.jpg,https://res.cloudinary.com/dtadw36tk/image/upload/v1777571422/vay/48481.jpg,vay/48481
48482.jpg,https://res.cloudinary.com/dtadw36tk/image/upload/v1777571422/vay/48482.jpg,vay/48482
48483.jpg,https://res.cloudinary.com/dtadw36tk/image/upload/v1777571422/vay/48483.jpg,vay/48483
48484.jpg,https://res.cloudinary.com/dtadw36tk/image/upload/v1777571422/vay/48484.jpg,vay/48484
48485.jpg,https://res.cloudinary.com/dtadw36tk/image/upload/v1777571422/vay/48485.jpg,vay/48485
48486.jpg,https://res.cloudinary.com/dtadw36tk/image/upload/v1777571423/vay/48486.jpg,vay/48486
48493.jpg,https://res.cloudinary.com/dtadw36tk/image/upload/v1777571424/vay/48493.jpg,vay/48493
48524.jpg,https://res.cloudinary.com/dtadw36tk/image/upload/v1777571422/vay/48524.jpg,vay/48524
48525.jpg,https://res.cloudinary.com/dtadw36tk/image/upload/v1777571423/vay/48525.jpg,vay/48525
4929.jpg,https://res.cloudinary.com/dtadw36tk/image/upload/v1777571423/vay/4929.jpg,vay/4929
4930.jpg,https://res.cloudinary.com/dtadw36tk/image/upload/v1777571423/vay/4930.jpg,vay/4930
4931.jpg,https://res.cloudinary.com/dtadw36tk/image/upload/v1777571423/vay/4931.jpg,vay/4931
4932.jpg,https://res.cloudinary.com/dtadw36tk/image/upload/v1777571423/vay/4932.jpg,vay/4932
4933.jpg,https://res.cloudinary.com/dtadw36tk/image/upload/v1777571423/vay/4933.jpg,vay/4933
4934.jpg,https://res.cloudinary.com/dtadw36tk/image/upload/v1777571423/vay/4934.jpg,vay/4934
4936.jpg,https://res.cloudinary.com/dtadw36tk/image/upload/v1777571423/vay/4936.jpg,vay/4936
49630.jpg,https://res.cloudinary.com/dtadw36tk/image/upload/v1777571424/vay/49630.jpg,vay/49630
49631.jpg,https://res.cloudinary.com/dtadw36tk/image/upload/v1777571424/vay/49631.jpg,vay/49631
49633.jpg,https://res.cloudinary.com/dtadw36tk/image/upload/v1777571424/vay/49633.jpg,vay/49633
49634.jpg,https://res.cloudinary.com/dtadw36tk/image/upload/v1777571425/vay/49634.jpg,vay/49634
49635.jpg,https://res.cloudinary.com/dtadw36tk/image/upload/v1777571424/vay/49635.jpg,vay/49635
49636.jpg,https://res.cloudinary.com/dtadw36tk/image/upload/v1777571424/vay/49636.jpg,vay/49636
49646.jpg,https://res.cloudinary.com/dtadw36tk/image/upload/v1777571425/vay/49646.jpg,vay/49646
49647.jpg,https://res.cloudinary.com/dtadw36tk/image/upload/v1777571425/vay/49647.jpg,vay/49647
49648.jpg,https://res.cloudinary.com/dtadw36tk/image/upload/v1777571425/vay/49648.jpg,vay/49648
49654.jpg,https://res.cloudinary.com/dtadw36tk/image/upload/v1777571425/vay/49654.jpg,vay/49654
49655.jpg,https://res.cloudinary.com/dtadw36tk/image/upload/v1777571425/vay/49655.jpg,vay/49655
4983.jpg,https://res.cloudinary.com/dtadw36tk/image/upload/v1777571425/vay/4983.jpg,vay/4983
4984.jpg,https://res.cloudinary.com/dtadw36tk/image/upload/v1777571425/vay/4984.jpg,vay/4984
4987.jpg,https://res.cloudinary.com/dtadw36tk/image/upload/v1777571425/vay/4987.jpg,vay/4987
4988.jpg,https://res.cloudinary.com/dtadw36tk/image/upload/v1777571425/vay/4988.jpg,vay/4988
4991.jpg,https://res.cloudinary.com/dtadw36tk/image/upload/v1777571426/vay/4991.jpg,vay/4991
4992.jpg,https://res.cloudinary.com/dtadw36tk/image/upload/v1777571426/vay/4992.jpg,vay/4992
5004.jpg,https://res.cloudinary.com/dtadw36tk/image/upload/v1777571426/vay/5004.jpg,vay/5004
5005.jpg,https://res.cloudinary.com/dtadw36tk/image/upload/v1777571426/vay/5005.jpg,vay/5005
5007.jpg,https://res.cloudinary.com/dtadw36tk/image/upload/v1777571426/vay/5007.jpg,vay/5007
5008.jpg,https://res.cloudinary.com/dtadw36tk/image/upload/v1777571426/vay/5008.jpg,vay/5008
5019.jpg,https://res.cloudinary.com/dtadw36tk/image/upload/v1777571426/vay/5019.jpg,vay/5019
50698.jpg,https://res.cloudinary.com/dtadw36tk/image/upload/v1777571427/vay/50698.jpg,vay/50698
50720.jpg,https://res.cloudinary.com/dtadw36tk/image/upload/v1777571426/vay/50720.jpg,vay/50720
50721.jpg,https://res.cloudinary.com/dtadw36tk/image/upload/v1777571426/vay/50721.jpg,vay/50721
50722.jpg,https://res.cloudinary.com/dtadw36tk/image/upload/v1777571426/vay/50722.jpg,vay/50722
50723.jpg,https://res.cloudinary.com/dtadw36tk/image/upload/v1777571427/vay/50723.jpg,vay/50723
50724.jpg,https://res.cloudinary.com/dtadw36tk/image/upload/v1777571427/vay/50724.jpg,vay/50724
51447.jpg,https://res.cloudinary.com/dtadw36tk/image/upload/v1777571427/vay/51447.jpg,vay/51447
51448.jpg,https://res.cloudinary.com/dtadw36tk/image/upload/v1777571427/vay/51448.jpg,vay/51448
51450.jpg,https://res.cloudinary.com/dtadw36tk/image/upload/v1777571427/vay/51450.jpg,vay/51450
51457.jpg,https://res.cloudinary.com/dtadw36tk/image/upload/v1777571427/vay/51457.jpg,vay/51457
51465.jpg,https://res.cloudinary.com/dtadw36tk/image/upload/v1777571428/vay/51465.jpg,vay/51465
52123.jpg,https://res.cloudinary.com/dtadw36tk/image/upload/v1777571428/vay/52123.jpg,vay/52123
52124.jpg,https://res.cloudinary.com/dtadw36tk/image/upload/v1777571428/vay/52124.jpg,vay/52124
52125.jpg,https://res.cloudinary.com/dtadw36tk/image/upload/v1777571428/vay/52125.jpg,vay/52125
52128.jpg,https://res.cloudinary.com/dtadw36tk/image/upload/v1777571428/vay/52128.jpg,vay/52128
52130.jpg,https://res.cloudinary.com/dtadw36tk/image/upload/v1777571428/vay/52130.jpg,vay/52130
52131.jpg,https://res.cloudinary.com/dtadw36tk/image/upload/v1777571429/vay/52131.jpg,vay/52131
52155.jpg,https://res.cloudinary.com/dtadw36tk/image/upload/v1777571428/vay/52155.jpg,vay/52155
52161.jpg,https://res.cloudinary.com/dtadw36tk/image/upload/v1777571428/vay/52161.jpg,vay/52161
52162.jpg,https://res.cloudinary.com/dtadw36tk/image/upload/v1777571428/vay/52162.jpg,vay/52162
54971.jpg,https://res.cloudinary.com/dtadw36tk/image/upload/v1777571429/vay/54971.jpg,vay/54971
54972.jpg,https://res.cloudinary.com/dtadw36tk/image/upload/v1777571429/vay/54972.jpg,vay/54972
54973.jpg,https://res.cloudinary.com/dtadw36tk/image/upload/v1777571429/vay/54973.jpg,vay/54973
54974.jpg,https://res.cloudinary.com/dtadw36tk/image/upload/v1777571429/vay/54974.jpg,vay/54974
54976.jpg,https://res.cloudinary.com/dtadw36tk/image/upload/v1777571429/vay/54976.jpg,vay/54976
54980.jpg,https://res.cloudinary.com/dtadw36tk/image/upload/v1777571429/vay/54980.jpg,vay/54980
54990.jpg,https://res.cloudinary.com/dtadw36tk/image/upload/v1777571429/vay/54990.jpg,vay/54990
5566.jpg,https://res.cloudinary.com/dtadw36tk/image/upload/v1777571429/vay/5566.jpg,vay/5566
5570.jpg,https://res.cloudinary.com/dtadw36tk/image/upload/v1777571429/vay/5570.jpg,vay/5570
5575.jpg,https://res.cloudinary.com/dtadw36tk/image/upload/v1777571430/vay/5575.jpg,vay/5575
5581.jpg,https://res.cloudinary.com/dtadw36tk/image/upload/v1777571430/vay/5581.jpg,vay/5581
5586.jpg,https://res.cloudinary.com/dtadw36tk/image/upload/v1777571430/vay/5586.jpg,vay/5586
57035.jpg,https://res.cloudinary.com/dtadw36tk/image/upload/v1777571430/vay/57035.jpg,vay/57035
57036.jpg,https://res.cloudinary.com/dtadw36tk/image/upload/v1777571430/vay/57036.jpg,vay/57036
57037.jpg,https://res.cloudinary.com/dtadw36tk/image/upload/v1777571430/vay/57037.jpg,vay/57037
57038.jpg,https://res.cloudinary.com/dtadw36tk/image/upload/v1777571430/vay/57038.jpg,vay/57038
57039.jpg,https://res.cloudinary.com/dtadw36tk/image/upload/v1777571430/vay/57039.jpg,vay/57039
57040.jpg,https://res.cloudinary.com/dtadw36tk/image/upload/v1777571431/vay/57040.jpg,vay/57040
57041.jpg,https://res.cloudinary.com/dtadw36tk/image/upload/v1777571431/vay/57041.jpg,vay/57041
57042.jpg,https://res.cloudinary.com/dtadw36tk/image/upload/v1777571431/vay/57042.jpg,vay/57042
57043.jpg,https://res.cloudinary.com/dtadw36tk/image/upload/v1777571432/vay/57043.jpg,vay/57043
57044.jpg,https://res.cloudinary.com/dtadw36tk/image/upload/v1777571431/vay/57044.jpg,vay/57044
57045.jpg,https://res.cloudinary.com/dtadw36tk/image/upload/v1777571431/vay/57045.jpg,vay/57045
57046.jpg,https://res.cloudinary.com/dtadw36tk/image/upload/v1777571431/vay/57046.jpg,vay/57046
57047.jpg,https://res.cloudinary.com/dtadw36tk/image/upload/v1777571432/vay/57047.jpg,vay/57047
57048.jpg,https://res.cloudinary.com/dtadw36tk/image/upload/v1777571431/vay/57048.jpg,vay/57048
57049.jpg,https://res.cloudinary.com/dtadw36tk/image/upload/v1777571431/vay/57049.jpg,vay/57049
57050.jpg,https://res.cloudinary.com/dtadw36tk/image/upload/v1777571432/vay/57050.jpg,vay/57050
57051.jpg,https://res.cloudinary.com/dtadw36tk/image/upload/v1777571432/vay/57051.jpg,vay/57051
57052.jpg,https://res.cloudinary.com/dtadw36tk/image/upload/v1777571432/vay/57052.jpg,vay/57052
57053.jpg,https://res.cloudinary.com/dtadw36tk/image/upload/v1777571432/vay/57053.jpg,vay/57053
57054.jpg,https://res.cloudinary.com/dtadw36tk/image/upload/v1777571432/vay/57054.jpg,vay/57054
57055.jpg,https://res.cloudinary.com/dtadw36tk/image/upload/v1777571432/vay/57055.jpg,vay/57055
57056.jpg,https://res.cloudinary.com/dtadw36tk/image/upload/v1777571434/vay/57056.jpg,vay/57056
57057.jpg,https://res.cloudinary.com/dtadw36tk/image/upload/v1777571432/vay/57057.jpg,vay/57057
57058.jpg,https://res.cloudinary.com/dtadw36tk/image/upload/v1777571433/vay/57058.jpg,vay/57058
57059.jpg,https://res.cloudinary.com/dtadw36tk/image/upload/v1777571433/vay/57059.jpg,vay/57059
57060.jpg,https://res.cloudinary.com/dtadw36tk/image/upload/v1777571433/vay/57060.jpg,vay/57060
57061.jpg,https://res.cloudinary.com/dtadw36tk/image/upload/v1777571434/vay/57061.jpg,vay/57061
57082.jpg,https://res.cloudinary.com/dtadw36tk/image/upload/v1777571433/vay/57082.jpg,vay/57082
57083.jpg,https://res.cloudinary.com/dtadw36tk/image/upload/v1777571433/vay/57083.jpg,vay/57083
57084.jpg,https://res.cloudinary.com/dtadw36tk/image/upload/v1777571433/vay/57084.jpg,vay/57084
57085.jpg,https://res.cloudinary.com/dtadw36tk/image/upload/v1777571433/vay/57085.jpg,vay/57085
57086.jpg,https://res.cloudinary.com/dtadw36tk/image/upload/v1777571434/vay/57086.jpg,vay/57086
57087.jpg,https://res.cloudinary.com/dtadw36tk/image/upload/v1777571434/vay/57087.jpg,vay/57087
57088.jpg,https://res.cloudinary.com/dtadw36tk/image/upload/v1777571434/vay/57088.jpg,vay/57088
57089.jpg,https://res.cloudinary.com/dtadw36tk/image/upload/v1777571434/vay/57089.jpg,vay/57089
57090.jpg,https://res.cloudinary.com/dtadw36tk/image/upload/v1777571434/vay/57090.jpg,vay/57090
57091.jpg,https://res.cloudinary.com/dtadw36tk/image/upload/v1777571435/vay/57091.jpg,vay/57091
57092.jpg,https://res.cloudinary.com/dtadw36tk/image/upload/v1777571434/vay/57092.jpg,vay/57092
57819.jpg,https://res.cloudinary.com/dtadw36tk/image/upload/v1777571435/vay/57819.jpg,vay/57819
57986.jpg,https://res.cloudinary.com/dtadw36tk/image/upload/v1777571435/vay/57986.jpg,vay/57986
57988.jpg,https://res.cloudinary.com/dtadw36tk/image/upload/v1777571435/vay/57988.jpg,vay/57988
57989.jpg,https://res.cloudinary.com/dtadw36tk/image/upload/v1777571435/vay/57989.jpg,vay/57989
57990.jpg,https://res.cloudinary.com/dtadw36tk/image/upload/v1777571435/vay/57990.jpg,vay/57990
57991.jpg,https://res.cloudinary.com/dtadw36tk/image/upload/v1777571435/vay/57991.jpg,vay/57991
57993.jpg,https://res.cloudinary.com/dtadw36tk/image/upload/v1777571435/vay/57993.jpg,vay/57993
57994.jpg,https://res.cloudinary.com/dtadw36tk/image/upload/v1777571435/vay/57994.jpg,vay/57994
57995.jpg,https://res.cloudinary.com/dtadw36tk/image/upload/v1777571435/vay/57995.jpg,vay/57995
57996.jpg,https://res.cloudinary.com/dtadw36tk/image/upload/v1777571436/vay/57996.jpg,vay/57996
57997.jpg,https://res.cloudinary.com/dtadw36tk/image/upload/v1777571436/vay/57997.jpg,vay/57997
57998.jpg,https://res.cloudinary.com/dtadw36tk/image/upload/v1777571436/vay/57998.jpg,vay/57998
57999.jpg,https://res.cloudinary.com/dtadw36tk/image/upload/v1777571436/vay/57999.jpg,vay/57999
58000.jpg,https://res.cloudinary.com/dtadw36tk/image/upload/v1777571438/vay/58000.jpg,vay/58000
58001.jpg,https://res.cloudinary.com/dtadw36tk/image/upload/v1777571436/vay/58001.jpg,vay/58001
58002.jpg,https://res.cloudinary.com/dtadw36tk/image/upload/v1777571437/vay/58002.jpg,vay/58002
58003.jpg,https://res.cloudinary.com/dtadw36tk/image/upload/v1777571436/vay/58003.jpg,vay/58003
58425.jpg,https://res.cloudinary.com/dtadw36tk/image/upload/v1777571436/vay/58425.jpg,vay/58425
58439.jpg,https://res.cloudinary.com/dtadw36tk/image/upload/v1777571436/vay/58439.jpg,vay/58439
58489.jpg,https://res.cloudinary.com/dtadw36tk/image/upload/v1777571437/vay/58489.jpg,vay/58489
58490.jpg,https://res.cloudinary.com/dtadw36tk/image/upload/v1777571437/vay/58490.jpg,vay/58490
58492.jpg,https://res.cloudinary.com/dtadw36tk/image/upload/v1777571437/vay/58492.jpg,vay/58492
58493.jpg,https://res.cloudinary.com/dtadw36tk/image/upload/v1777571437/vay/58493.jpg,vay/58493
58494.jpg,https://res.cloudinary.com/dtadw36tk/image/upload/v1777571437/vay/58494.jpg,vay/58494
58499.jpg,https://res.cloudinary.com/dtadw36tk/image/upload/v1777571437/vay/58499.jpg,vay/58499
58501.jpg,https://res.cloudinary.com/dtadw36tk/image/upload/v1777571437/vay/58501.jpg,vay/58501
58502.jpg,https://res.cloudinary.com/dtadw36tk/image/upload/v1777571437/vay/58502.jpg,vay/58502
58503.jpg,https://res.cloudinary.com/dtadw36tk/image/upload/v1777571438/vay/58503.jpg,vay/58503
58504.jpg,https://res.cloudinary.com/dtadw36tk/image/upload/v1777571438/vay/58504.jpg,vay/58504
58505.jpg,https://res.cloudinary.com/dtadw36tk/image/upload/v1777571439/vay/58505.jpg,vay/58505
58506.jpg,https://res.cloudinary.com/dtadw36tk/image/upload/v1777571438/vay/58506.jpg,vay/58506
58509.jpg,https://res.cloudinary.com/dtadw36tk/image/upload/v1777571438/vay/58509.jpg,vay/58509
58510.jpg,https://res.cloudinary.com/dtadw36tk/image/upload/v1777571438/vay/58510.jpg,vay/58510
58520.jpg,https://res.cloudinary.com/dtadw36tk/image/upload/v1777571438/vay/58520.jpg,vay/58520
59795.jpg,https://res.cloudinary.com/dtadw36tk/image/upload/v1777571438/vay/59795.jpg,vay/59795
59811.jpg,https://res.cloudinary.com/dtadw36tk/image/upload/v1777571438/vay/59811.jpg,vay/59811
59876.jpg,https://res.cloudinary.com/dtadw36tk/image/upload/v1777571439/vay/59876.jpg,vay/59876
59895.jpg,https://res.cloudinary.com/dtadw36tk/image/upload/v1777571439/vay/59895.jpg,vay/59895
59896.jpg,https://res.cloudinary.com/dtadw36tk/image/upload/v1777571439/vay/59896.jpg,vay/59896
59897.jpg,https://res.cloudinary.com/dtadw36tk/image/upload/v1777571441/vay/59897.jpg,vay/59897
59908.jpg,https://res.cloudinary.com/dtadw36tk/image/upload/v1777571439/vay/59908.jpg,vay/59908
59909.jpg,https://res.cloudinary.com/dtadw36tk/image/upload/v1777571439/vay/59909.jpg,vay/59909
59963.jpg,https://res.cloudinary.com/dtadw36tk/image/upload/v1777571440/vay/59963.jpg,vay/59963
59964.jpg,https://res.cloudinary.com/dtadw36tk/image/upload/v1777571439/vay/59964.jpg,vay/59964
59965.jpg,https://res.cloudinary.com/dtadw36tk/image/upload/v1777571440/vay/59965.jpg,vay/59965
59966.jpg,https://res.cloudinary.com/dtadw36tk/image/upload/v1777571440/vay/59966.jpg,vay/59966
59967.jpg,https://res.cloudinary.com/dtadw36tk/image/upload/v1777571440/vay/59967.jpg,vay/59967
59968.jpg,https://res.cloudinary.com/dtadw36tk/image/upload/v1777571440/vay/59968.jpg,vay/59968
59969.jpg,https://res.cloudinary.com/dtadw36tk/image/upload/v1777571440/vay/59969.jpg,vay/59969
59970.jpg,https://res.cloudinary.com/dtadw36tk/image/upload/v1777571440/vay/59970.jpg,vay/59970
59971.jpg,https://res.cloudinary.com/dtadw36tk/image/upload/v1777571442/vay/59971.jpg,vay/59971
59972.jpg,https://res.cloudinary.com/dtadw36tk/image/upload/v1777571440/vay/59972.jpg,vay/59972
59973.jpg,https://res.cloudinary.com/dtadw36tk/image/upload/v1777571441/vay/59973.jpg,vay/59973
59974.jpg,https://res.cloudinary.com/dtadw36tk/image/upload/v1777571441/vay/59974.jpg,vay/59974
59975.jpg,https://res.cloudinary.com/dtadw36tk/image/upload/v1777571441/vay/59975.jpg,vay/59975
59976.jpg,https://res.cloudinary.com/dtadw36tk/image/upload/v1777571441/vay/59976.jpg,vay/59976
59977.jpg,https://res.cloudinary.com/dtadw36tk/image/upload/v1777571443/vay/59977.jpg,vay/59977
59978.jpg,https://res.cloudinary.com/dtadw36tk/image/upload/v1777571441/vay/59978.jpg,vay/59978
59979.jpg,https://res.cloudinary.com/dtadw36tk/image/upload/v1777571442/vay/59979.jpg,vay/59979
59980.jpg,https://res.cloudinary.com/dtadw36tk/image/upload/v1777571442/vay/59980.jpg,vay/59980
59981.jpg,https://res.cloudinary.com/dtadw36tk/image/upload/v1777571442/vay/59981.jpg,vay/59981
59982.jpg,https://res.cloudinary.com/dtadw36tk/image/upload/v1777571442/vay/59982.jpg,vay/59982
59983.jpg,https://res.cloudinary.com/dtadw36tk/image/upload/v1777571443/vay/59983.jpg,vay/59983
59984.jpg,https://res.cloudinary.com/dtadw36tk/image/upload/v1777571442/vay/59984.jpg,vay/59984
59985.jpg,https://res.cloudinary.com/dtadw36tk/image/upload/v1777571442/vay/59985.jpg,vay/59985
59986.jpg,https://res.cloudinary.com/dtadw36tk/image/upload/v1777571442/vay/59986.jpg,vay/59986
59987.jpg,https://res.cloudinary.com/dtadw36tk/image/upload/v1777571443/vay/59987.jpg,vay/59987
59988.jpg,https://res.cloudinary.com/dtadw36tk/image/upload/v1777571443/vay/59988.jpg,vay/59988
59989.jpg,https://res.cloudinary.com/dtadw36tk/image/upload/v1777571443/vay/59989.jpg,vay/59989
59990.jpg,https://res.cloudinary.com/dtadw36tk/image/upload/v1777571445/vay/59990.jpg,vay/59990
59991.jpg,https://res.cloudinary.com/dtadw36tk/image/upload/v1777571443/vay/59991.jpg,vay/59991
59992.jpg,https://res.cloudinary.com/dtadw36tk/image/upload/v1777571444/vay/59992.jpg,vay/59992
59993.jpg,https://res.cloudinary.com/dtadw36tk/image/upload/v1777571443/vay/59993.jpg,vay/59993
59994.jpg,https://res.cloudinary.com/dtadw36tk/image/upload/v1777571443/vay/59994.jpg,vay/59994
59995.jpg,https://res.cloudinary.com/dtadw36tk/image/upload/v1777571444/vay/59995.jpg,vay/59995
59996.jpg,https://res.cloudinary.com/dtadw36tk/image/upload/v1777571444/vay/59996.jpg,vay/59996
6532.jpg,https://res.cloudinary.com/dtadw36tk/image/upload/v1777571444/vay/6532.jpg,vay/6532
6857.jpg,https://res.cloudinary.com/dtadw36tk/image/upload/v1777571444/vay/6857.jpg,vay/6857
6860.jpg,https://res.cloudinary.com/dtadw36tk/image/upload/v1777571444/vay/6860.jpg,vay/6860
6862.jpg,https://res.cloudinary.com/dtadw36tk/image/upload/v1777571444/vay/6862.jpg,vay/6862
6864.jpg,https://res.cloudinary.com/dtadw36tk/image/upload/v1777571445/vay/6864.jpg,vay/6864
6868.jpg,https://res.cloudinary.com/dtadw36tk/image/upload/v1777571445/vay/6868.jpg,vay/6868
6870.jpg,https://res.cloudinary.com/dtadw36tk/image/upload/v1777571445/vay/6870.jpg,vay/6870
6872.jpg,https://res.cloudinary.com/dtadw36tk/image/upload/v1777571445/vay/6872.jpg,vay/6872
6873.jpg,https://res.cloudinary.com/dtadw36tk/image/upload/v1777571445/vay/6873.jpg,vay/6873
6874.jpg,https://res.cloudinary.com/dtadw36tk/image/upload/v1777571445/vay/6874.jpg,vay/6874
6875.jpg,https://res.cloudinary.com/dtadw36tk/image/upload/v1777571445/vay/6875.jpg,vay/6875
6885.jpg,https://res.cloudinary.com/dtadw36tk/image/upload/v1777571445/vay/6885.jpg,vay/6885
6893.jpg,https://res.cloudinary.com/dtadw36tk/image/upload/v1777571445/vay/6893.jpg,vay/6893
6898.jpg,https://res.cloudinary.com/dtadw36tk/image/upload/v1777571447/vay/6898.jpg,vay/6898
7306.jpg,https://res.cloudinary.com/dtadw36tk/image/upload/v1777571446/vay/7306.jpg,vay/7306
8479.jpg,https://res.cloudinary.com/dtadw36tk/image/upload/v1777571447/vay/8479.jpg,vay/8479
8480.jpg,https://res.cloudinary.com/dtadw36tk/image/upload/v1777571446/vay/8480.jpg,vay/8480
8481.jpg,https://res.cloudinary.com/dtadw36tk/image/upload/v1777571446/vay/8481.jpg,vay/8481
8482.jpg,https://res.cloudinary.com/dtadw36tk/image/upload/v1777571446/vay/8482.jpg,vay/8482
8483.jpg,https://res.cloudinary.com/dtadw36tk/image/upload/v1777571446/vay/8483.jpg,vay/8483
8484.jpg,https://res.cloudinary.com/dtadw36tk/image/upload/v1777571446/vay/8484.jpg,vay/8484
8485.jpg,https://res.cloudinary.com/dtadw36tk/image/upload/v1777571446/vay/8485.jpg,vay/8485
8486.jpg,https://res.cloudinary.com/dtadw36tk/image/upload/v1777571446/vay/8486.jpg,vay/8486
8487.jpg,https://res.cloudinary.com/dtadw36tk/image/upload/v1777571447/vay/8487.jpg,vay/8487
8493.jpg,https://res.cloudinary.com/dtadw36tk/image/upload/v1777571448/vay/8493.jpg,vay/8493
8494.jpg,https://res.cloudinary.com/dtadw36tk/image/upload/v1777571447/vay/8494.jpg,vay/8494
8495.jpg,https://res.cloudinary.com/dtadw36tk/image/upload/v1777571448/vay/8495.jpg,vay/8495
8496.jpg,https://res.cloudinary.com/dtadw36tk/image/upload/v1777571447/vay/8496.jpg,vay/8496
8497.jpg,https://res.cloudinary.com/dtadw36tk/image/upload/v1777571447/vay/8497.jpg,vay/8497
8498.jpg,https://res.cloudinary.com/dtadw36tk/image/upload/v1777571448/vay/8498.jpg,vay/8498
8499.jpg,https://res.cloudinary.com/dtadw36tk/image/upload/v1777571448/vay/8499.jpg,vay/8499
8500.jpg,https://res.cloudinary.com/dtadw36tk/image/upload/v1777571448/vay/8500.jpg,vay/8500
8501.jpg,https://res.cloudinary.com/dtadw36tk/image/upload/v1777571449/vay/8501.jpg,vay/8501
9994.jpg,https://res.cloudinary.com/dtadw36tk/image/upload/v1777571448/vay/9994.jpg,vay/9994
9995.jpg,https://res.cloudinary.com/dtadw36tk/image/upload/v1777571449/vay/9995.jpg,vay/9995
